symbol,timestamp,open,high,low,close,volume
AAPL,2025-03-24,221.0000,221.4800,218.5800,220.7300,44299483
AAPL,2025-03-21,211.5600,218.8400,211.2800,218.2700,94127768
AAPL,2025-03-20,213.9900,217.4899,212.2200,214.1000,48862947
AAPL,2025-03-19,214.2200,218.7600,213.7500,215.2400,54385391
AAPL,2025-03-18,214.1600,215.1500,211.4900,212.6900,42432426
AAPL,2025-03-17,213.3100,215.2200,209.9700,214.0000,48073426
AAPL,2025-03-14,211.2500,213.9500,209.5800,213.4900,60107582
AAPL,2025-03-13,215.9500,216.8394,208.4200,209.6800,61368330
AAPL,2025-03-12,220.1400,221.7500,214.9100,216.9800,62547467
AAPL,2025-03-11,223.8050,225.8399,217.4500,220.8400,76137410
AAPL,2025-03-10,235.5400,236.1600,224.2200,227.4800,71451281
AAPL,2025-03-07,235.1050,241.3700,234.7600,239.0700,46273565
AAPL,2025-03-06,234.4350,237.8600,233.1581,235.3300,45170419
AAPL,2025-03-05,235.4200,236.5500,229.2300,235.7400,47227643
AAPL,2025-03-04,237.7050,240.0700,234.6800,235.9300,53798062
AAPL,2025-03-03,241.7900,244.0272,236.1120,238.0300,47183985
AAPL,2025-02-28,236.9500,242.0900,230.2000,241.8400,56833360
AAPL,2025-02-27,239.4100,242.4600,237.0600,237.3000,41153639
AAPL,2025-02-26,244.3300,244.9800,239.1300,240.3600,44433564
AAPL,2025-02-25,248.0000,250.0000,244.9100,247.0400,48013272
AAPL,2025-02-24,244.9250,248.8600,244.4200,247.1000,51326396
AAPL,2025-02-21,245.9500,248.6900,245.2200,245.5500,53197431
AAPL,2025-02-20,244.9400,246.7800,244.2900,245.8300,32316907
AAPL,2025-02-19,244.6600,246.0100,243.1604,244.8700,32204215
AAPL,2025-02-18,244.1500,245.1800,241.8400,244.4700,48822491
AAPL,2025-02-14,241.2500,245.5500,240.9900,244.6000,40896227
AAPL,2025-02-13,236.9100,242.3399,235.5700,241.5300,53614054
AAPL,2025-02-12,231.2000,236.9600,230.6800,236.8700,45243292
AAPL,2025-02-11,228.2000,235.2300,228.1300,232.6200,53718362
AAPL,2025-02-10,229.5700,230.5850,227.2000,227.6500,33115645
AAPL,2025-02-07,232.6000,234.0000,227.2600,227.6300,39707224
AAPL,2025-02-06,231.2850,233.8000,230.4250,233.2200,29925349
AAPL,2025-02-05,228.5300,232.6700,228.2700,232.4700,39664989
AAPL,2025-02-04,227.2500,233.1300,226.6500,232.8000,45067301
AAPL,2025-02-03,229.9900,231.8300,225.7000,228.0100,73063301
AAPL,2025-01-31,247.1900,247.1900,233.4400,236.0000,101075128
AAPL,2025-01-30,238.6650,240.7900,237.2100,237.5900,55658279
AAPL,2025-01-29,234.1200,239.8550,234.0100,239.3600,45486100
AAPL,2025-01-28,230.8500,240.1900,230.8100,238.2600,75707569
AAPL,2025-01-27,224.0200,232.1500,223.9800,229.8600,94863418
AAPL,2025-01-24,224.7800,225.6300,221.4100,222.7800,54697907
AAPL,2025-01-23,224.7400,227.0300,222.3000,223.6600,60234760
AAPL,2025-01-22,219.7900,224.1200,219.7900,223.8300,64126500
AAPL,2025-01-21,224.0000,224.4200,219.3800,222.6400,98070429
AAPL,2025-01-17,232.1150,232.2900,228.4800,229.9800,68488301
AAPL,2025-01-16,237.3500,238.0100,228.0300,228.2600,71759052
AAPL,2025-01-15,234.6350,238.9600,234.4300,237.8700,39831969
AAPL,2025-01-14,234.7500,236.1200,232.4720,233.2800,39435294
AAPL,2025-01-13,233.5300,234.6700,229.7200,234.4000,49630725
AAPL,2025-01-10,240.0100,240.1600,233.0000,236.8500,61710856
AAPL,2025-01-08,241.9200,243.7123,240.0500,242.7000,37628940
AAPL,2025-01-07,242.9800,245.5500,241.3500,242.2100,40855960
AAPL,2025-01-06,244.3100,247.3300,243.2000,245.0000,45045571
AAPL,2025-01-03,243.3600,244.1800,241.8900,243.3600,40244114
AAPL,2025-01-02,248.9300,249.1000,241.8201,243.8500,55740731
AAPL,2024-12-31,252.4400,253.2800,249.4300,250.4200,39480718
AAPL,2024-12-30,252.2300,253.5000,250.7500,252.2000,35557542
AAPL,2024-12-27,257.8300,258.7000,253.0600,255.5900,42355321
AAPL,2024-12-26,258.1900,260.1000,257.6300,259.0200,27262983
AAPL,2024-12-24,255.4900,258.2100,255.2900,258.2000,23234705
AAPL,2024-12-23,254.7700,255.6500,253.4500,255.2700,40858774
AAPL,2024-12-20,248.0400,255.0000,245.6900,254.4900,147495267
AAPL,2024-12-19,247.5000,252.0000,247.0949,249.7900,60882264
AAPL,2024-12-18,252.1600,254.2800,247.7400,248.0500,56774101
AAPL,2024-12-17,250.0800,253.8300,249.7800,253.4800,51356360
AAPL,2024-12-16,247.9900,251.3800,247.6500,251.0400,51694753
AAPL,2024-12-13,247.8150,249.2902,246.2400,248.1300,33155290
AAPL,2024-12-12,246.8900,248.7400,245.6800,247.9600,32777532
AAPL,2024-12-11,247.9600,250.8000,246.2601,246.4900,45205814
AAPL,2024-12-10,246.8900,248.2100,245.3400,247.7700,36914806
AAPL,2024-12-09,241.8300,247.2400,241.7500,246.7500,44649232
AAPL,2024-12-06,242.9050,244.6300,242.0800,242.8400,36870619
AAPL,2024-12-05,243.9900,244.5400,242.1300,243.0400,40033878
AAPL,2024-12-04,242.8700,244.1100,241.2500,243.0100,44383935
AAPL,2024-12-03,239.8100,242.7600,238.9000,242.6500,38861017
AAPL,2024-12-02,237.2700,240.7900,237.1600,239.5900,48137103
AAPL,2024-11-29,234.8100,237.8100,233.9700,237.3300,28481377
AAPL,2024-11-27,234.4650,235.6900,233.8101,234.9300,33498439
AAPL,2024-11-26,233.3300,235.5700,233.3300,235.0600,45986189
AAPL,2024-11-25,231.4600,233.2450,229.7400,232.8700,90152832
AAPL,2024-11-22,228.0600,230.7199,228.0600,229.8700,38168252
AAPL,2024-11-21,228.8800,230.1550,225.7103,228.5200,42108327
AAPL,2024-11-20,228.0600,229.9300,225.8900,229.0000,35169566
AAPL,2024-11-19,226.9800,230.1600,226.6600,228.2800,36211774
AAPL,2024-11-18,225.2500,229.7400,225.1700,228.0200,44686020
AAPL,2024-11-15,226.4000,226.9200,224.2700,225.0000,47923696
AAPL,2024-11-14,225.0200,228.8700,225.0000,228.2200,44923941
AAPL,2024-11-13,224.0100,226.6500,222.7600,225.1200,48566217
AAPL,2024-11-12,224.5500,225.5900,223.3550,224.2300,40398299
AAPL,2024-11-11,225.0000,225.7000,221.5000,224.2300,42005602
AAPL,2024-11-08,227.1700,228.6600,226.4050,226.9600,38328824
AAPL,2024-11-07,224.6250,227.8750,224.5700,227.4800,42137691
AAPL,2024-11-06,222.6100,226.0650,221.1900,222.7200,54561121
AAPL,2024-11-05,221.7950,223.9500,221.1400,223.4500,28111338
AAPL,2024-11-04,220.9900,222.7900,219.7100,222.0100,44944468
AAPL,2024-11-01,220.9650,225.3500,220.2700,222.9100,65276741
AAPL,2024-10-31,229.3400,229.8300,225.3700,225.9100,64370086
AAPL,2024-10-30,232.6100,233.4700,229.5500,230.1000,47070907
AAPL,2024-10-29,233.1000,234.3250,232.3200,233.6700,35417247
AAPL,2024-10-28,233.3200,234.7300,232.5500,233.4000,36087134
TSLA,2025-03-24,258.0750,278.6400,256.3300,278.3900,169079865
TSLA,2025-03-21,234.9850,249.5200,234.5500,248.7100,132728684
TSLA,2025-03-20,233.3450,238.0000,230.0501,236.2600,99028270
TSLA,2025-03-19,231.6100,241.4100,229.2010,235.8600,111993753
TSLA,2025-03-18,228.1550,230.1000,222.2800,225.3100,111477636
TSLA,2025-03-17,245.0550,245.4000,232.8000,238.0100,111900565
TSLA,2025-03-14,247.3100,251.5800,240.7300,249.9800,100242264
TSLA,2025-03-13,248.1250,248.2900,232.6000,240.6800,114813525
TSLA,2025-03-12,247.2200,251.8400,241.1000,248.0900,142215681
TSLA,2025-03-11,225.3050,237.0649,217.0200,230.5800,174896415
TSLA,2025-03-10,252.5400,253.3700,220.0000,222.1500,185037825
TSLA,2025-03-07,259.3200,266.2499,250.7300,262.6700,102369640
TSLA,2025-03-06,272.0600,272.6500,260.0200,263.4500,98451566
TSLA,2025-03-05,272.9200,279.5500,267.7100,279.1000,94042913
TSLA,2025-03-04,270.9300,284.3500,261.8401,272.0400,126706623
TSLA,2025-03-03,300.3400,303.9400,277.3000,284.6500,115551414
TSLA,2025-02-28,279.5000,293.8800,273.6000,292.9800,115696968
TSLA,2025-02-27,291.1600,297.2300,280.8800,281.9500,101748197
TSLA,2025-02-26,303.7150,309.0000,288.0400,290.8000,100118276
TSLA,2025-02-25,327.0250,328.8900,297.2512,302.8000,134228777
TSLA,2025-02-24,338.1400,342.3973,324.7000,330.5300,76052321
TSLA,2025-02-21,353.4400,354.9800,334.4200,337.8000,74058648
TSLA,2025-02-20,361.5100,362.3000,348.0000,354.4000,45965354
TSLA,2025-02-19,354.0000,367.3400,353.6700,360.5600,67094374
TSLA,2025-02-18,355.0100,359.1000,350.0200,354.1100,51631702
TSLA,2025-02-14,360.6200,362.0000,347.5000,355.8400,68277279
TSLA,2025-02-13,345.0000,358.6900,342.8500,355.9400,89441519
TSLA,2025-02-12,329.9400,346.4000,329.1200,336.5100,105382729
TSLA,2025-02-11,345.8000,349.3700,325.1000,328.5000,118543400
TSLA,2025-02-10,356.2100,362.7000,350.5100,350.7300,77514903
TSLA,2025-02-07,370.1900,380.5459,360.3400,361.6200,70298258
TSLA,2025-02-06,373.0300,375.4000,363.1800,374.3200,77918230
TSLA,2025-02-05,387.5100,388.3900,375.5300,378.1700,57614721
TSLA,2025-02-04,382.6300,394.0000,381.4000,392.2100,57072235
TSLA,2025-02-03,386.6800,389.1700,374.3600,383.6800,93732122
TSLA,2025-01-31,401.5300,419.9900,401.3400,404.6000,83568219
TSLA,2025-01-30,410.7800,412.5000,384.4100,400.2800,98092879
TSLA,2025-01-29,395.2100,398.5899,384.4800,389.1000,68033648
TSLA,2025-01-28,396.9100,400.5900,386.5000,398.0900,48910676
TSLA,2025-01-27,394.8000,406.6900,389.0000,397.1500,58125510
TSLA,2025-01-24,414.4500,418.8800,405.7800,406.5800,56427149
TSLA,2025-01-23,416.0600,420.7300,408.9500,412.3800,50690592
TSLA,2025-01-22,416.8100,428.0000,414.5900,415.1100,60963342
TSLA,2025-01-21,432.6400,433.2000,406.3100,424.0700,87320894
TSLA,2025-01-17,421.5000,439.7400,419.7500,426.5000,94991429
TSLA,2025-01-16,423.4900,424.0000,409.1300,413.8200,68335151
TSLA,2025-01-15,409.9000,429.8000,405.6610,428.2200,81375460
TSLA,2025-01-14,414.3400,422.6400,394.5400,396.3600,84565022
TSLA,2025-01-13,383.2100,403.7900,380.0700,403.3100,67580494
TSLA,2025-01-10,391.4000,399.2800,377.2900,394.7400,62287333
TSLA,2025-01-08,392.9500,402.4999,387.4000,394.9400,73038805
TSLA,2025-01-07,405.8300,414.3300,390.0000,394.3600,75699525
TSLA,2025-01-06,423.2000,426.4300,401.7000,411.0500,85516534
TSLA,2025-01-03,381.4800,411.8799,379.4500,410.4400,95423329
TSLA,2025-01-02,390.1000,392.7299,373.0400,379.2800,109710749
TSLA,2024-12-31,423.7900,427.9300,402.5400,403.8400,76825121
TSLA,2024-12-30,419.4000,427.0000,415.7500,417.4100,64941012
TSLA,2024-12-27,449.5200,450.0000,426.5000,431.6600,82666821
TSLA,2024-12-26,465.1600,465.3299,451.0200,454.1300,76651210
TSLA,2024-12-24,435.9000,462.7800,435.1400,462.2800,59551750
TSLA,2024-12-23,431.0000,434.5100,415.4112,430.6000,72698055
TSLA,2024-12-20,425.5050,447.0800,417.6400,421.0600,132216176
TSLA,2024-12-19,451.8800,456.3600,420.0200,436.1700,118566146
TSLA,2024-12-18,466.4950,488.5399,427.0100,440.1300,149340788
TSLA,2024-12-17,475.9000,483.9900,457.5101,479.8600,131222978
TSLA,2024-12-16,441.0900,463.1900,436.1500,463.0200,114083811
TSLA,2024-12-13,420.0000,436.3000,415.7100,436.2300,89000158
TSLA,2024-12-12,424.8400,429.3000,415.0000,418.1000,87752225
TSLA,2024-12-11,409.7000,424.8800,402.3800,424.7700,104287559
TSLA,2024-12-10,392.6800,409.7300,390.8500,400.9900,97563578
TSLA,2024-12-09,397.6100,404.8000,378.0100,389.7900,96359173
TSLA,2024-12-06,377.4200,389.4900,370.8000,389.2200,81455834
TSLA,2024-12-05,359.8700,375.4300,359.5000,369.4900,81403569
TSLA,2024-12-04,353.0000,358.1000,348.6000,357.9300,50810874
TSLA,2024-12-03,351.8000,355.6900,348.2000,351.4200,58267196
TSLA,2024-12-02,352.3800,360.0000,351.1501,357.0900,77986478
TSLA,2024-11-29,336.0800,345.4500,334.6500,345.1600,37167621
TSLA,2024-11-27,341.8000,342.5500,326.5900,332.8900,57896439
TSLA,2024-11-26,341.0000,346.9600,335.6600,338.2300,62295857
TSLA,2024-11-25,360.1400,361.9300,338.2000,338.5900,95890899
TSLA,2024-11-22,341.0850,361.5300,337.7000,352.5600,89140722
TSLA,2024-11-21,343.8100,347.9899,335.2800,339.6400,58011719
TSLA,2024-11-20,345.0000,346.5999,334.3000,342.0300,66340650
TSLA,2024-11-19,335.7600,347.3799,332.7500,346.0000,88852452
TSLA,2024-11-18,340.7300,348.5499,330.0100,338.7400,126547455
TSLA,2024-11-15,310.5700,324.6799,309.2200,320.7200,114440286
TSLA,2024-11-14,327.6900,329.9800,310.3700,311.1800,120726109
TSLA,2024-11-13,335.8500,344.5999,322.5000,330.2400,125405599
TSLA,2024-11-12,342.7400,345.8400,323.3100,328.4900,155726016
TSLA,2024-11-11,346.3000,358.6400,336.0000,350.0000,210521625
TSLA,2024-11-08,299.1400,328.7100,297.6600,321.2200,204782763
TSLA,2024-11-07,288.8900,299.7500,285.5200,296.9100,117309232
TSLA,2024-11-06,284.6700,289.5900,275.6200,288.5300,165228710
TSLA,2024-11-05,247.3400,255.2799,246.2101,251.4400,69282505
TSLA,2024-11-04,244.5600,248.9000,238.8800,242.8400,68802354
TSLA,2024-11-01,252.0430,254.0000,246.6300,248.9800,57544757
TSLA,2024-10-31,257.9900,259.7500,249.2500,249.8500,66575292
TSLA,2024-10-30,258.0350,263.3500,255.8201,257.5500,53993576
TSLA,2024-10-29,264.5100,264.9800,255.5100,259.5200,80521751
TSLA,2024-10-28,270.0000,273.5360,262.2400,262.5100,107653603
AMZN,2025-03-24,200.0000,203.6400,199.9500,203.2600,41625365
AMZN,2025-03-21,192.9000,196.9900,192.5200,196.2100,60056917
AMZN,2025-03-20,193.0700,199.3200,192.3000,194.9500,38921113
AMZN,2025-03-19,193.3800,195.9650,191.9600,195.5400,39442878
AMZN,2025-03-18,192.5200,194.0000,189.3800,192.8200,40414867
AMZN,2025-03-17,198.7700,199.0000,194.3247,195.7400,47341752
AMZN,2025-03-14,197.4100,198.6500,195.3200,197.9500,38096663
AMZN,2025-03-13,198.1650,198.8799,191.8200,193.8900,41270761
AMZN,2025-03-12,200.7200,201.5200,195.2900,198.8900,43679284
AMZN,2025-03-11,193.9000,200.1800,193.4000,196.5900,54002880
AMZN,2025-03-10,195.6000,196.7300,190.8500,194.5400,61829231
AMZN,2025-03-07,199.4900,202.2653,192.5300,199.2500,59802821
AMZN,2025-03-06,204.4000,205.7700,198.3015,200.7000,49863755
AMZN,2025-03-05,204.8000,209.9800,203.2600,208.3600,38610085
AMZN,2025-03-04,200.1100,206.8000,197.4320,203.8000,60853084
AMZN,2025-03-03,213.3520,214.0100,202.5500,205.0200,42948447
AMZN,2025-02-28,208.6500,212.6200,206.9900,212.2800,51771737
AMZN,2025-02-27,218.3500,219.9700,208.3700,208.7400,40548571
AMZN,2025-02-26,214.9400,218.1600,213.0900,214.3500,39120603
AMZN,2025-02-25,211.6300,213.3400,204.1600,212.8000,58957977
AMZN,2025-02-24,217.4500,217.7150,212.4200,212.7100,42387585
AMZN,2025-02-21,223.2800,223.3100,214.7400,216.5800,55323850
AMZN,2025-02-20,224.7750,225.1300,221.8100,222.8800,30001665
AMZN,2025-02-19,225.5200,226.8300,223.7100,226.6300,28566709
AMZN,2025-02-18,228.8200,229.3000,223.7200,226.6500,42975133
AMZN,2025-02-14,229.2000,229.8900,227.2300,228.6800,27031084
AMZN,2025-02-13,228.8500,230.4200,227.5200,230.3700,31346512
AMZN,2025-02-12,230.4600,231.1800,228.1600,228.9300,32285249
AMZN,2025-02-11,231.9200,233.4400,230.1300,232.7600,23713726
AMZN,2025-02-10,230.5450,233.9200,229.2000,233.1400,35419926
AMZN,2025-02-07,232.5000,234.8100,228.0600,229.1500,77539276
AMZN,2025-02-06,238.0100,239.6599,236.0100,238.8300,60897095
AMZN,2025-02-05,237.0200,238.3200,235.2000,236.1700,38832042
AMZN,2025-02-04,239.0100,242.5200,238.0300,242.0600,29713812
AMZN,2025-02-03,234.0600,239.2500,232.9000,237.4200,37285868
AMZN,2025-01-31,236.5000,240.2900,236.4100,237.6800,36162377
AMZN,2025-01-30,237.1400,237.9500,232.2200,234.6400,32020728
AMZN,2025-01-29,239.0150,240.3900,236.1500,237.0700,26091716
AMZN,2025-01-28,234.2900,241.7700,233.9800,238.1500,41587188
AMZN,2025-01-27,226.2100,235.6100,225.8600,235.4200,49428332
AMZN,2025-01-24,234.5000,236.4000,232.9300,234.8500,25890738
AMZN,2025-01-23,234.1000,235.5200,231.5100,235.4200,26404364
AMZN,2025-01-22,232.0200,235.4400,231.1900,235.0100,41448217
AMZN,2025-01-21,228.9000,231.7800,226.9400,230.7100,39951456
AMZN,2025-01-17,225.8400,226.5100,223.0800,225.9400,42370123
AMZN,2025-01-16,224.4200,224.6500,220.3100,220.6600,24757276
AMZN,2025-01-15,222.8300,223.5700,220.7500,223.3500,31291257
AMZN,2025-01-14,220.4400,221.8200,216.2000,217.7600,24711650
AMZN,2025-01-13,218.0600,219.4000,216.4700,218.4600,27262655
AMZN,2025-01-10,221.4600,221.7100,216.5000,218.9400,36811525
AMZN,2025-01-08,223.1850,223.5200,220.2000,222.1300,25033292
AMZN,2025-01-07,227.9000,228.3810,221.4600,222.1100,28084164
AMZN,2025-01-06,226.7800,228.8350,224.8400,227.6100,31849831
AMZN,2025-01-03,222.5050,225.3600,221.6200,224.1900,27515606
AMZN,2025-01-02,222.0300,225.1500,218.1900,220.2200,33956579
AMZN,2024-12-31,222.9650,223.2299,218.9400,219.3900,24819655
AMZN,2024-12-30,220.0600,222.9972,218.4300,221.3000,28321240
AMZN,2024-12-27,225.6000,226.0300,220.9000,223.7500,27367147
AMZN,2024-12-26,228.5000,228.5000,226.6706,227.0500,16174500
AMZN,2024-12-24,226.9400,229.1400,226.1300,229.0500,15007497
AMZN,2024-12-23,225.0100,226.8800,223.9000,225.0600,28070007
AMZN,2024-12-20,219.8400,226.2100,218.7300,224.9200,88279184
AMZN,2024-12-19,224.9100,226.0900,222.9200,223.2900,39918739
AMZN,2024-12-18,230.7700,231.3999,220.1100,220.5200,43281443
AMZN,2024-12-17,232.3900,232.7300,227.8500,231.1500,35948131
AMZN,2024-12-16,230.2300,233.0000,228.0100,232.9300,37552096
AMZN,2024-12-13,228.4000,230.2000,225.8608,227.4600,28768080
AMZN,2024-12-12,229.8300,231.0900,227.6300,228.9700,28204084
AMZN,2024-12-11,226.4100,231.2000,226.2600,230.2600,35385785
AMZN,2024-12-10,226.0900,229.0600,224.2002,225.0400,31199864
AMZN,2024-12-09,227.2100,230.0800,225.6700,226.0900,46819363
AMZN,2024-12-06,220.7500,227.1500,220.6000,227.0300,44178069
AMZN,2024-12-05,218.0300,222.1500,217.3000,220.5500,41140220
AMZN,2024-12-04,215.9600,220.0000,215.7500,218.1600,48745716
AMZN,2024-12-03,210.3100,214.0200,209.6500,213.4400,32214828
AMZN,2024-12-02,209.9600,212.9900,209.5101,210.7100,39523185
AMZN,2024-11-29,205.8300,208.2000,204.5900,207.8900,24892447
AMZN,2024-11-27,206.9800,207.6400,205.0500,205.7400,28061638
AMZN,2024-11-26,201.9000,208.0000,201.7900,207.8600,41673737
AMZN,2024-11-25,199.2800,201.9499,199.0000,201.4500,40685672
AMZN,2024-11-22,198.2500,199.2599,196.7500,197.1200,31530844
AMZN,2024-11-21,203.4900,203.4900,195.7500,198.3800,58800042
AMZN,2024-11-20,202.9800,203.1300,199.4500,202.8800,32768989
AMZN,2024-11-19,199.3300,205.3000,198.7800,204.6100,31197867
AMZN,2024-11-18,204.1500,204.6700,200.9500,201.7000,36512465
AMZN,2024-11-15,206.7600,207.3400,199.6100,202.6100,86591144
AMZN,2024-11-14,214.1600,215.9000,210.8800,211.4800,42620309
AMZN,2024-11-13,209.4000,215.0900,209.1400,214.1000,46212943
AMZN,2024-11-12,208.3700,209.5400,206.0100,208.9100,38942918
AMZN,2024-11-11,208.5000,209.6500,205.5900,206.8400,35456012
AMZN,2024-11-08,209.7200,209.9633,207.4400,208.1800,36075846
AMZN,2024-11-07,207.4400,212.2500,207.1900,210.0500,52878383
AMZN,2024-11-06,200.0100,207.5500,199.1400,207.0900,72292167
AMZN,2024-11-05,196.0400,199.8200,195.9900,199.5000,30564784
AMZN,2024-11-04,196.4500,197.3300,194.3101,195.7800,38492062
AMZN,2024-11-01,199.0000,200.5000,197.0200,197.9300,99687847
AMZN,2024-10-31,190.5100,190.6000,185.2300,186.4000,75146759
AMZN,2024-10-30,194.6950,195.6100,192.4200,192.7300,37707550
AMZN,2024-10-29,188.5800,191.4599,187.8150,190.8300,35690158
AMZN,2024-10-28,189.5650,190.2100,188.2100,188.3900,27930836
GOOGL,2025-03-24,167.0650,168.3200,165.1400,167.6800,30879129
GOOGL,2025-03-21,161.2050,164.2400,160.8901,163.9900,36625764
GOOGL,2025-03-20,161.5700,164.8900,160.9600,162.8000,28138464
GOOGL,2025-03-19,161.7600,165.8700,161.0000,163.8900,34275582
GOOGL,2025-03-18,163.6750,164.2500,156.7200,160.6700,42074751
GOOGL,2025-03-17,165.0300,166.3000,163.6700,164.2900,31184335
GOOGL,2025-03-14,163.2700,166.4900,162.4500,165.4900,31995894
GOOGL,2025-03-13,166.0350,166.1300,162.1100,162.7600,31756214
GOOGL,2025-03-12,166.5800,167.6399,163.5300,167.1100,28372396
GOOGL,2025-03-11,164.9100,166.7500,161.3700,164.0400,39587414
GOOGL,2025-03-10,168.2600,168.4600,163.6900,165.8700,43377356
GOOGL,2025-03-07,171.2600,174.9700,170.2700,173.8600,27385813
GOOGL,2025-03-06,170.5300,174.8100,170.5000,172.3500,28301953
GOOGL,2025-03-05,170.5200,173.7800,169.0600,173.0200,30954922
GOOGL,2025-03-04,166.2400,173.2946,165.8000,170.9200,45387996
GOOGL,2025-03-03,171.9250,173.3700,165.9300,167.0100,40770451
GOOGL,2025-02-28,168.6800,170.6100,166.7700,170.2800,48130565
GOOGL,2025-02-27,173.9900,174.5600,167.9400,168.5000,39991015
GOOGL,2025-02-26,175.0700,176.0800,171.5807,172.7300,35431268
GOOGL,2025-02-25,178.0400,178.7400,174.6939,175.4200,41913411
GOOGL,2025-02-24,181.9900,183.1200,178.8850,179.2500,29854206
GOOGL,2025-02-21,185.1500,185.3400,179.0800,179.6600,35199239
GOOGL,2025-02-20,184.8000,185.3100,182.7200,184.5600,20441462
GOOGL,2025-02-19,184.0700,185.4600,183.5900,185.2700,19549396
GOOGL,2025-02-18,185.6000,185.9600,181.7401,183.7700,29916675
GOOGL,2025-02-14,185.0550,186.4000,184.3200,185.2300,20448437
GOOGL,2025-02-13,184.3200,186.2800,183.1400,186.1400,21402523
GOOGL,2025-02-12,183.2200,185.1100,181.8300,183.6100,22072559
GOOGL,2025-02-11,185.0300,186.9400,184.2800,185.3200,21239519
GOOGL,2025-02-10,187.3500,188.2000,185.8600,186.4700,23105649
GOOGL,2025-02-07,191.0500,191.1800,183.2400,185.3400,49314961
GOOGL,2025-02-06,189.5000,192.1000,188.7200,191.6000,29297442
GOOGL,2025-02-05,191.0700,192.7500,188.0300,191.3300,70461770
GOOGL,2025-02-04,203.3900,207.0500,202.8100,206.3800,43856425
GOOGL,2025-02-03,200.6900,203.7500,200.1000,201.2300,27838348
GOOGL,2025-01-31,202.0000,205.4800,201.8000,204.0200,32041952
GOOGL,2025-01-30,198.0000,201.4000,197.6700,200.8700,24354684
GOOGL,2025-01-29,195.5550,196.7850,193.4300,195.4100,18218256
GOOGL,2025-01-28,192.7450,195.4800,190.6800,195.3000,24157929
GOOGL,2025-01-27,192.4100,196.8800,190.7300,191.8100,41728893
GOOGL,2025-01-24,198.1000,200.9000,198.0000,200.2100,23877521
GOOGL,2025-01-23,198.1400,200.3000,195.2000,197.9800,26951357
GOOGL,2025-01-22,199.0600,200.4800,197.5300,198.3700,26200617
GOOGL,2025-01-21,199.0700,202.2900,197.8700,198.0500,29971292
GOOGL,2025-01-17,196.5300,197.2300,193.7500,196.0000,27735089
GOOGL,2025-01-16,194.1400,195.4800,192.8100,192.9100,17815432
GOOGL,2025-01-15,193.0900,196.3600,191.8600,195.5500,21775969
GOOGL,2025-01-14,191.2400,191.9800,188.3082,189.6600,17174854
GOOGL,2025-01-13,190.0700,191.1800,187.3600,191.0100,21823699
GOOGL,2025-01-10,194.2950,196.5200,190.3100,192.0400,26665206
GOOGL,2025-01-08,192.5700,196.2900,192.3800,193.9500,24864766
GOOGL,2025-01-07,197.1100,201.0000,194.6000,195.4900,26487244
GOOGL,2025-01-06,193.9800,198.2222,193.8500,196.8700,29563638
GOOGL,2025-01-03,191.3700,193.2100,189.9750,191.7900,18596159
GOOGL,2025-01-02,190.6500,192.0000,187.5000,189.4300,20370828
GOOGL,2024-12-31,191.0750,191.9600,188.5100,189.3000,17466919
GOOGL,2024-12-30,189.8000,192.5500,189.1200,191.2400,14264659
GOOGL,2024-12-27,194.9500,195.3200,190.6500,192.7600,18891362
GOOGL,2024-12-26,195.1500,196.7480,194.3750,195.6000,12057210
GOOGL,2024-12-24,194.8400,196.1100,193.7800,196.1100,10403259
GOOGL,2024-12-23,192.6200,195.1000,190.1500,194.6300,25675014
GOOGL,2024-12-20,185.7800,192.8900,185.2200,191.4100,63462934
GOOGL,2024-12-19,191.6250,193.0300,188.3800,188.5100,32265241
GOOGL,2024-12-18,195.2200,197.0000,187.7400,188.4000,34166074
GOOGL,2024-12-17,197.2500,201.4200,194.9800,195.4200,43504025
GOOGL,2024-12-16,192.8700,199.0000,192.6200,196.6600,44934901
GOOGL,2024-12-13,191.0100,192.7300,189.6400,189.8200,25143495
GOOGL,2024-12-12,195.0000,195.1800,191.7100,191.9600,34817486
GOOGL,2024-12-11,185.3100,195.6100,184.8500,195.4000,67894071
GOOGL,2024-12-10,182.8450,186.3600,181.0500,185.1700,54813022
GOOGL,2024-12-09,173.9600,176.2600,173.6500,175.3700,25389631
GOOGL,2024-12-06,172.0300,175.0800,171.8600,174.7100,21462393
GOOGL,2024-12-05,175.3600,176.0600,172.3300,172.6400,21356243
GOOGL,2024-12-04,171.1450,174.9100,171.0600,174.3700,31615137
GOOGL,2024-12-03,171.4900,172.6800,170.8500,171.3400,22248705
GOOGL,2024-12-02,168.7650,172.0750,168.5700,171.4900,23789084
GOOGL,2024-11-29,168.5000,169.4300,167.1600,168.9500,14257244
GOOGL,2024-11-27,169.0000,169.4832,168.0200,169.2300,19266511
GOOGL,2024-11-26,167.6300,169.8200,167.5800,169.1200,20486720
GOOGL,2024-11-25,166.0900,168.6300,165.6072,167.6500,33135263
GOOGL,2024-11-22,165.8500,166.4600,163.9000,164.7600,38604587
GOOGL,2024-11-21,173.9000,174.1300,163.7000,167.6300,59734379
GOOGL,2024-11-20,177.3400,177.6750,173.7800,175.9800,18997111
GOOGL,2024-11-19,173.7200,178.8700,173.5600,178.1200,23434925
GOOGL,2024-11-18,173.4200,175.4380,172.9000,175.3000,20206613
GOOGL,2024-11-15,173.7300,174.1400,171.2200,172.4900,32504649
GOOGL,2024-11-14,178.2800,178.8200,174.3218,175.5800,31007457
GOOGL,2024-11-13,180.4600,180.9600,178.5400,178.8800,23184003
GOOGL,2024-11-12,179.8200,182.4900,179.3900,181.6200,25134905
GOOGL,2024-11-11,178.5800,180.5450,178.4700,180.3500,17450354
GOOGL,2024-11-08,180.6450,180.9000,178.0800,178.3500,22006182
GOOGL,2024-11-07,177.4100,181.0800,177.1900,180.7500,25352939
GOOGL,2024-11-06,173.8000,176.9400,173.5000,176.5100,33695538
GOOGL,2024-11-05,169.4300,170.5300,168.8400,169.7400,18242050
GOOGL,2024-11-04,169.9300,170.7300,168.0110,169.2400,21492744
GOOGL,2024-11-01,170.0700,172.3200,168.8800,171.2900,31796477
GOOGL,2024-10-31,173.1300,176.8200,171.0000,171.1100,44768981
GOOGL,2024-10-30,180.6800,182.0200,174.0599,174.4600,68890787
GOOGL,2024-10-29,167.7300,170.3800,167.0896,169.6800,42169025
GOOGL,2024-10-28,168.7500,168.7500,163.9500,166.7200,32138641
MSFT,2025-03-24,395.4000,395.4000,389.8100,393.0800,21004548
MSFT,2025-03-21,383.2150,391.7400,382.8000,391.2600,39675928
MSFT,2025-03-20,385.7350,391.7850,383.2800,386.8400,18470542
MSFT,2025-03-19,385.5250,389.6800,384.0000,387.8200,19185532
MSFT,2025-03-18,387.0700,387.3700,381.1000,383.5200,19486850
MSFT,2025-03-17,386.7000,392.7050,385.5700,388.7000,22474272
MSFT,2025-03-14,379.7750,390.2300,379.5100,388.5600,19952846
MSFT,2025-03-13,383.1550,385.3200,377.4500,378.7700,20473017
MSFT,2025-03-12,382.9500,385.2165,378.9507,383.2700,24253567
MSFT,2025-03-11,379.0000,386.0000,376.9100,380.4500,30380177
MSFT,2025-03-10,385.8400,386.4000,377.2200,380.1600,32569768
MSFT,2025-03-07,392.3200,394.8000,385.5400,393.3100,22034087
MSFT,2025-03-06,394.2800,402.1500,392.6777,396.8900,23304625
MSFT,2025-03-05,389.3400,401.6700,388.8100,401.0200,23433132
MSFT,2025-03-04,383.4000,392.5800,381.0000,388.6100,29342923
MSFT,2025-03-03,398.8200,398.8200,386.1550,388.4900,23007726
MSFT,2025-02-28,392.6550,397.6300,386.5700,396.9900,32845658
MSFT,2025-02-27,401.2650,405.7400,392.1700,392.5300,21127406
MSFT,2025-02-26,398.0100,403.6000,394.2450,399.7300,19618954
MSFT,2025-02-25,401.1000,401.9150,396.7000,397.9000,29387402
MSFT,2025-02-24,408.5100,409.3700,399.3200,404.0000,26443656
MSFT,2025-02-21,417.3350,418.0480,407.8900,408.2100,27524799
MSFT,2025-02-20,415.2900,419.3100,412.5400,416.1300,23508728
MSFT,2025-02-19,407.8800,415.4900,407.6500,414.7700,24114197
MSFT,2025-02-18,408.0000,410.5970,406.5000,409.6400,21423051
MSFT,2025-02-14,407.7900,408.9100,405.8800,408.4300,22758464
MSFT,2025-02-13,407.0000,411.0000,406.3600,410.5400,23891731
MSFT,2025-02-12,407.2100,410.7500,404.3673,409.0400,19121734
MSFT,2025-02-11,409.6400,412.4900,409.3000,411.4400,18140592
MSFT,2025-02-10,413.7100,415.4624,410.9200,412.2200,20817919
MSFT,2025-02-07,416.4800,418.6500,408.1000,409.7500,22886844
MSFT,2025-02-06,414.0000,418.2000,414.0000,415.8200,16309755
MSFT,2025-02-05,412.3500,413.8270,410.4000,413.2900,16336188
MSFT,2025-02-04,412.6850,413.9199,409.7400,412.3700,20532096
MSFT,2025-02-03,411.6000,415.4100,408.6600,410.9200,25679149
MSFT,2025-01-31,418.9800,420.6900,414.9100,415.0600,34223388
MSFT,2025-01-30,418.7700,422.8600,413.1600,414.9900,54586260
MSFT,2025-01-29,446.6900,446.8800,440.4000,442.3300,23581370
MSFT,2025-01-28,434.6000,448.3800,431.3800,447.2000,23491703
MSFT,2025-01-27,424.0100,435.2000,423.5000,434.5600,35647805
MSFT,2025-01-24,445.1600,446.6500,441.4000,444.0600,15549453
MSFT,2025-01-23,442.0000,446.7500,441.5048,446.7100,18389270
MSFT,2025-01-22,437.5600,447.2700,436.0000,446.2000,27803811
MSFT,2025-01-21,430.2000,430.8999,425.5950,428.5000,26085703
MSFT,2025-01-17,434.0850,434.4800,428.1700,429.0300,26197507
MSFT,2025-01-16,428.6950,429.4900,424.3900,424.5800,15300023
MSFT,2025-01-15,419.1300,428.1500,418.2650,426.3100,19637838
MSFT,2025-01-14,417.8100,419.7400,410.7200,415.6700,16935856
MSFT,2025-01-13,415.2350,418.5000,412.2900,417.1900,17604780
MSFT,2025-01-10,424.6300,424.7100,415.0200,418.9500,20201132
MSFT,2025-01-08,423.4600,426.9700,421.5400,424.5600,15054575
MSFT,2025-01-07,429.0000,430.6500,420.8000,422.3700,18139065
MSFT,2025-01-06,428.0000,434.3200,425.4774,427.8500,20573648
MSFT,2025-01-03,421.0800,424.0300,419.5400,423.3500,16662943
MSFT,2025-01-02,425.5300,426.0700,414.8500,418.5800,16896469
MSFT,2024-12-31,426.1000,426.7300,420.6600,421.5000,13246509
MSFT,2024-12-30,426.0600,427.5500,421.9000,424.8300,13158703
MSFT,2024-12-27,434.6000,435.2200,426.3500,430.5300,18117713
MSFT,2024-12-26,439.0800,440.9400,436.6300,438.1100,8199927
MSFT,2024-12-24,434.6500,439.6000,434.1900,439.3300,7164543
MSFT,2024-12-23,436.7400,437.6500,432.8300,435.2500,19152519
MSFT,2024-12-20,433.1100,443.7400,428.6300,436.6000,64263694
MSFT,2024-12-19,441.6200,443.1834,436.3200,437.0300,22963681
MSFT,2024-12-18,451.3200,452.6500,437.0200,437.3900,24444545
MSFT,2024-12-17,451.0100,455.2900,449.5700,454.4600,22733494
MSFT,2024-12-16,447.2700,452.1800,445.2800,451.5900,23598834
MSFT,2024-12-13,448.4350,451.4300,445.5800,447.2700,20177833
MSFT,2024-12-12,449.1100,456.1648,449.1100,449.5600,20834779
MSFT,2024-12-11,444.0500,450.3500,444.0500,448.9900,19200208
MSFT,2024-12-10,444.3900,449.6200,441.6000,443.3300,18469459
MSFT,2024-12-09,442.6000,448.3300,440.5000,446.0200,19144388
MSFT,2024-12-06,442.3000,446.1000,441.7703,443.5700,18821002
MSFT,2024-12-05,437.9200,444.6600,436.1710,442.6200,21697775
MSFT,2024-12-04,433.0300,439.6700,432.6300,437.4200,26009429
MSFT,2024-12-03,429.8400,432.4700,427.7400,431.2000,18301987
MSFT,2024-12-02,421.5700,433.0000,421.3100,430.9800,20207223
MSFT,2024-11-29,420.0900,424.8800,417.8000,423.4600,16271921
MSFT,2024-11-27,425.1050,427.2299,422.0200,422.9900,18332444
MSFT,2024-11-26,419.5850,429.0414,418.8500,427.9900,23458889
MSFT,2024-11-25,418.3800,421.0800,414.8500,418.7900,27691090
MSFT,2024-11-22,411.3650,417.4000,411.0600,417.0000,24814626
MSFT,2024-11-21,419.5000,419.7800,410.2887,412.8700,20780162
MSFT,2024-11-20,416.8700,417.2900,410.5800,415.4900,19191655
MSFT,2024-11-19,413.1100,417.9400,411.5500,417.7900,18133529
MSFT,2024-11-18,414.8700,418.4037,412.1000,415.7600,24742013
MSFT,2024-11-15,419.8200,422.8000,413.6400,415.0000,28247644
MSFT,2024-11-14,425.0000,428.1700,420.0000,426.8900,30246881
MSFT,2024-11-13,421.6400,429.3250,418.2100,425.2000,21502185
MSFT,2024-11-12,418.2500,424.4400,417.2000,423.0300,19401204
MSFT,2024-11-11,422.5150,424.8100,416.0000,418.0100,24503321
MSFT,2024-11-08,425.3200,426.5000,421.7800,422.5400,16891414
MSFT,2024-11-07,421.2800,426.8500,419.8800,425.4300,19901782
MSFT,2024-11-06,412.4200,420.4500,410.5200,420.1800,26681842
MSFT,2024-11-05,408.3700,414.9000,408.0800,411.4600,17626011
MSFT,2024-11-04,409.8000,410.4150,405.5713,408.4600,19672286
MSFT,2024-11-01,409.0100,415.5000,407.5000,410.3700,24230442
MSFT,2024-10-31,415.3600,416.1600,406.3000,406.3500,53970981
MSFT,2024-10-30,437.4350,438.5000,432.1000,432.5300,29749149
MSFT,2024-10-29,428.0000,433.1700,425.8001,431.9500,17644080
MSFT,2024-10-28,431.6550,431.9400,426.3000,426.5900,14882444
NFLX,2025-03-24,969.6700,977.0000,951.5500,971.9900,4677871
NFLX,2025-03-21,941.6350,963.6532,940.9500,960.2900,5905429
NFLX,2025-03-20,950.0100,967.0000,945.5000,950.8400,4466305
NFLX,2025-03-19,935.7700,968.0000,924.0000,959.4900,6662361
NFLX,2025-03-18,940.0000,948.2499,916.3000,929.9800,6009400
NFLX,2025-03-17,939.9500,967.6300,934.4200,950.0200,7543146
NFLX,2025-03-14,901.4600,919.6250,901.0000,918.0000,5200684
NFLX,2025-03-13,913.0000,921.8892,887.5100,890.1700,5001698
NFLX,2025-03-12,914.6000,927.1800,901.0000,919.6800,6865837
NFLX,2025-03-11,867.4100,910.6800,866.0000,895.1000,7398934
NFLX,2025-03-10,875.0700,881.2700,854.5000,866.6800,6951652
NFLX,2025-03-07,897.6400,904.8859,858.0700,891.1100,7737488
NFLX,2025-03-06,972.9900,973.6900,899.0000,906.3600,7852559
NFLX,2025-03-05,973.6200,995.5999,969.4800,990.9200,3807935
NFLX,2025-03-04,971.6100,986.3135,948.2100,972.5800,4392814
NFLX,2025-03-03,983.0000,994.9300,964.8100,973.7000,3907447
NFLX,2025-02-28,969.5600,982.2700,958.1700,980.5600,4717409
NFLX,2025-02-27,995.0000,1000.7255,961.8250,963.0700,3766566
NFLX,2025-02-26,977.6000,1000.8900,976.9000,990.0600,3397205
NFLX,2025-02-25,989.4000,994.3999,955.0000,977.2400,4738304
NFLX,2025-02-24,1008.0000,1015.1700,984.4800,988.4700,4426227
NFLX,2025-02-21,1029.4200,1032.3800,999.3900,1003.1500,3738710
NFLX,2025-02-20,1042.0000,1045.0000,1015.5941,1024.5400,3111831
NFLX,2025-02-19,1035.1800,1044.9999,1024.5100,1043.3300,2600048
NFLX,2025-02-18,1060.0000,1062.0000,1023.7490,1035.8500,4229339
NFLX,2025-02-14,1044.9500,1064.5000,1041.6900,1058.6000,3145430
NFLX,2025-02-13,1026.6250,1045.9899,1025.1000,1043.6900,3476068
NFLX,2025-02-12,1005.4900,1027.7400,998.3473,1027.3100,3388966
NFLX,2025-02-11,1020.7900,1022.6900,1002.9500,1008.0800,3331797
NFLX,2025-02-10,1023.0500,1032.8500,1015.8800,1027.6000,3296566
NFLX,2025-02-07,1017.0000,1027.7600,1005.6701,1013.9300,3212853
NFLX,2025-02-06,1007.8700,1016.3500,1002.6100,1015.6800,3134293
NFLX,2025-02-05,987.7300,1011.8250,986.6800,1011.1100,3997733
NFLX,2025-02-04,980.4700,1008.0000,978.5100,994.8700,6000137
NFLX,2025-02-03,973.0000,987.6891,964.3750,978.9400,3724197
NFLX,2025-01-31,974.0000,990.2892,974.0000,976.7600,3618718
NFLX,2025-01-30,986.7500,994.5900,970.0101,973.2400,3867825
NFLX,2025-01-29,980.0000,987.6400,968.2345,978.1500,2930728
NFLX,2025-01-28,966.7100,977.9340,957.3000,971.8300,3433972
NFLX,2025-01-27,971.1000,982.2700,960.2600,971.8900,4634204
NFLX,2025-01-24,984.4100,986.2800,967.6800,977.5900,4550397
NFLX,2025-01-23,957.8100,985.0000,953.9000,984.8600,7752137
NFLX,2025-01-22,998.0250,999.0000,950.7600,953.9900,14273205
NFLX,2025-01-21,863.5300,916.4000,854.7450,869.6800,9851351
NFLX,2025-01-17,859.7900,865.0000,852.1300,858.1000,3617565
NFLX,2025-01-16,860.9600,868.9800,842.0200,842.3700,4028537
NFLX,2025-01-15,836.4400,850.8400,830.4100,848.2600,3181383
NFLX,2025-01-14,843.2000,844.8925,823.5190,828.4000,3037650
NFLX,2025-01-13,831.5250,847.0700,829.1400,840.2900,3024517
NFLX,2025-01-10,866.4000,866.4100,834.4000,837.6900,4803312
NFLX,2025-01-08,880.0000,886.2150,873.0000,875.0000,2347949
NFLX,2025-01-07,879.3800,888.0000,869.1100,879.1900,2649823
NFLX,2025-01-06,888.7600,892.8300,871.6900,881.7900,3457656
NFLX,2025-01-03,893.1300,898.8300,879.8901,881.0500,2970019
NFLX,2025-01-02,895.5000,898.5800,877.0000,886.7300,2315685
NFLX,2024-12-31,901.8000,902.6800,889.4700,891.3200,1875897
NFLX,2024-12-30,894.5100,908.2299,889.7100,900.4300,2202970
NFLX,2024-12-27,916.0100,918.1300,894.5000,907.5500,3226158
NFLX,2024-12-26,928.4000,930.4900,915.3000,924.1400,2342418
NFLX,2024-12-24,915.0000,935.8500,911.7000,932.1200,2320293
NFLX,2024-12-23,913.4200,915.0000,899.1001,911.4500,2339375
NFLX,2024-12-20,893.2100,919.9238,890.4872,909.0500,4530519
NFLX,2024-12-19,908.1800,912.6215,899.0000,902.0400,2815512
NFLX,2024-12-18,919.1300,922.4400,886.5600,889.5500,2938194
NFLX,2024-12-17,921.5400,928.4500,916.4200,919.1300,2459456
NFLX,2024-12-16,923.9400,928.9400,919.5000,921.0800,2674892
NFLX,2024-12-13,916.8100,925.5500,909.6100,918.8700,2485829
NFLX,2024-12-12,933.3500,934.0886,922.6000,925.5500,2486197
NFLX,2024-12-11,924.7100,941.7500,923.0800,936.5600,3501691
NFLX,2024-12-10,913.7600,922.8800,909.5800,913.3500,2388575
NFLX,2024-12-09,928.0000,930.2999,902.5900,913.6900,3350082
NFLX,2024-12-06,915.2300,935.2700,912.7100,934.7400,2955383
NFLX,2024-12-05,917.8500,927.0000,911.1075,917.8700,2835307
NFLX,2024-12-04,898.0500,915.9699,898.0500,911.0600,2689629
NFLX,2024-12-03,894.3600,902.6900,888.0250,902.1700,2401634
NFLX,2024-12-02,887.5100,902.3400,884.1200,897.7400,2388966
NFLX,2024-11-29,882.1700,892.4100,876.6800,886.8100,2027237
NFLX,2024-11-27,872.0600,880.9500,858.9100,877.3400,2578222
NFLX,2024-11-26,867.4900,886.3600,867.2501,872.6000,3138259
NFLX,2024-11-25,902.0500,902.0500,864.2200,865.5900,6014203
NFLX,2024-11-22,896.0000,906.0000,893.0000,897.7900,3214020
NFLX,2024-11-21,883.9300,908.0000,877.2400,897.4800,4511263
NFLX,2024-11-20,879.9800,890.6000,868.4000,883.8500,4093843
NFLX,2024-11-19,839.7500,874.4900,839.1600,871.3200,3814227
NFLX,2024-11-18,815.5000,848.4500,809.3301,847.0500,4084081
NFLX,2024-11-15,832.0400,832.0400,816.4900,823.9600,3673720
NFLX,2024-11-14,833.6700,840.9997,830.0200,837.2600,3038231
NFLX,2024-11-13,822.6150,836.9899,820.5368,830.4700,2767772
NFLX,2024-11-12,807.5000,820.3697,803.7500,819.5000,2814064
NFLX,2024-11-11,795.9000,806.8230,795.5650,805.4400,2399150
NFLX,2024-11-08,797.3600,799.0600,788.6500,795.0400,1910626
NFLX,2024-11-07,781.3700,798.2200,779.9400,796.5400,3295074
NFLX,2024-11-06,771.5000,781.4900,757.3800,780.2100,3690817
NFLX,2024-11-05,757.3500,767.5299,756.2700,763.9100,2200645
NFLX,2024-11-04,753.1400,762.4800,749.6900,755.5100,1902194
NFLX,2024-11-01,753.4800,763.7999,747.7700,756.1000,2996829
NFLX,2024-10-31,753.9300,760.7899,752.2300,756.0300,3057709
NFLX,2024-10-30,758.0800,759.7900,752.2775,753.7400,1722002
NFLX,2024-10-29,751.1300,763.8800,748.0100,759.4400,3660433
NFLX,2024-10-28,758.6800,758.6800,747.8800,749.1200,2862405
NVDA,2025-03-24,119.8800,122.2200,119.3400,121.4100,228452534
NVDA,2025-03-21,116.9400,117.9900,115.4200,117.7000,266498528
NVDA,2025-03-20,116.5500,120.2000,116.4700,118.5300,248829749
NVDA,2025-03-19,117.2700,120.4450,115.6800,117.5200,273426225
NVDA,2025-03-18,118.0000,119.0200,114.5400,115.4300,299686944
NVDA,2025-03-17,122.7400,122.8900,118.0300,119.5300,255501481
NVDA,2025-03-14,118.6100,121.8800,118.1500,121.6700,277593455
NVDA,2025-03-13,117.0300,117.7600,113.7900,115.5800,299033131
NVDA,2025-03-12,114.1200,116.7600,112.8800,115.7400,323857454
NVDA,2025-03-11,106.9900,112.2360,104.7700,108.7600,354865692
NVDA,2025-03-10,109.9000,111.8500,105.4600,106.9800,361107562
NVDA,2025-03-07,111.2500,113.4800,107.5600,112.6900,341755468
NVDA,2025-03-06,113.5300,115.3500,110.2200,110.5700,321181861
NVDA,2025-03-05,117.5800,118.2781,114.5100,117.3000,284337886
NVDA,2025-03-04,110.6450,119.3100,110.1100,115.9900,398163305
NVDA,2025-03-03,123.5100,123.7000,112.2800,114.0600,411381373
NVDA,2025-02-28,118.0200,125.0900,116.4000,124.9200,389091145
NVDA,2025-02-27,135.0000,135.0100,120.0100,120.1500,443175846
NVDA,2025-02-26,129.9850,133.7300,128.4900,131.2800,322553814
NVDA,2025-02-25,129.9800,130.2000,124.4400,126.6300,271428711
NVDA,2025-02-24,136.5600,138.5900,130.0800,130.2800,251381137
NVDA,2025-02-21,140.0400,141.4600,134.0300,134.4300,228217585
NVDA,2025-02-20,140.0300,140.6600,136.7901,140.1100,143903583
NVDA,2025-02-19,139.5100,141.3600,137.2200,139.2300,167536006
NVDA,2025-02-18,141.2700,143.4400,137.9250,139.4000,219176627
NVDA,2025-02-14,136.4800,139.2500,135.5000,138.8500,195479557
NVDA,2025-02-13,131.5550,136.5000,131.1700,135.2900,197429975
NVDA,2025-02-12,130.0200,132.2400,129.0800,131.1400,160278552
NVDA,2025-02-11,132.5800,134.4800,131.0200,132.8000,178902379
NVDA,2025-02-10,130.0900,135.0000,129.9600,133.5700,216989086
NVDA,2025-02-07,129.2200,130.3700,125.0000,129.8400,228186298
NVDA,2025-02-06,127.4200,128.7700,125.2100,128.6800,251483574
NVDA,2025-02-05,121.7600,125.0000,120.7600,124.8300,263110629
NVDA,2025-02-04,116.9600,121.2000,116.7000,118.6500,256550040
NVDA,2025-02-03,114.7500,118.5700,113.0100,116.6600,371235677
NVDA,2025-01-31,123.7800,127.8500,119.1900,120.0700,390372899
NVDA,2025-01-30,123.1000,125.0000,118.1000,124.6500,392925469
NVDA,2025-01-29,126.5000,126.8900,120.0500,123.7000,467120640
NVDA,2025-01-28,121.8100,129.0000,116.2500,128.9900,579666350
NVDA,2025-01-27,124.8000,128.4000,116.7000,118.4200,818830895
NVDA,2025-01-24,148.3700,148.9700,141.8800,142.6200,234657635
NVDA,2025-01-23,145.0500,147.2300,143.7200,147.2200,155915549
NVDA,2025-01-22,144.6600,147.7900,143.6700,147.0700,237651395
NVDA,2025-01-21,139.1600,141.8300,137.0900,140.8300,197748985
NVDA,2025-01-17,136.6900,138.5000,135.4649,137.7100,201188760
NVDA,2025-01-16,138.6400,138.7500,133.4900,133.5700,209235583
NVDA,2025-01-15,133.6500,136.4500,131.2900,136.2400,185217338
NVDA,2025-01-14,136.0500,136.3800,130.0500,131.7600,195590485
NVDA,2025-01-13,129.9900,133.4900,129.5100,133.2300,204808914
NVDA,2025-01-10,137.4500,139.9200,134.2200,135.9100,207602514
NVDA,2025-01-08,142.5800,143.9500,137.5600,140.1100,227349948
NVDA,2025-01-07,153.0300,153.1300,140.0100,140.1400,351782174
NVDA,2025-01-06,148.5900,152.1560,147.8201,149.4300,265377359
NVDA,2025-01-03,140.0100,144.9000,139.7300,144.4700,229322478
NVDA,2025-01-02,136.0000,138.8800,134.6300,138.3100,198247166
NVDA,2024-12-31,138.0300,138.0700,133.8300,134.2900,155659211
NVDA,2024-12-30,134.8300,140.2700,134.0200,137.4900,167734700
NVDA,2024-12-27,138.5500,139.0200,134.7100,137.0100,170582603
NVDA,2024-12-26,139.7000,140.8500,137.7300,139.9300,116519090
NVDA,2024-12-24,140.0000,141.9000,138.6500,140.2200,105156989
NVDA,2024-12-23,136.2800,139.7900,135.1201,139.6700,176053506
NVDA,2024-12-20,129.8100,135.2800,128.2200,134.7000,306528553
NVDA,2024-12-19,131.7600,134.0300,129.5500,130.6800,209719210
NVDA,2024-12-18,133.8600,136.7000,128.2800,128.9100,277444533
NVDA,2024-12-17,129.0900,131.5900,126.8600,130.3900,259410263
NVDA,2024-12-16,134.1800,134.4000,130.4200,132.0000,237951130
NVDA,2024-12-13,138.9400,139.6000,132.5400,134.2500,231514881
NVDA,2024-12-12,137.0800,138.4400,135.8000,137.3400,159211393
NVDA,2024-12-11,137.3600,140.1700,135.2100,139.3100,184905192
NVDA,2024-12-10,139.0100,141.8200,133.7900,135.0700,210020888
NVDA,2024-12-09,138.9700,139.9500,137.1300,138.8100,189308625
NVDA,2024-12-06,144.6000,145.7000,141.3100,142.4400,188505573
NVDA,2024-12-05,145.1100,146.5400,143.9500,145.0600,172621180
NVDA,2024-12-04,141.9950,145.7900,140.2900,145.1400,231224295
NVDA,2024-12-03,138.2600,140.5400,137.9500,140.2600,164413965
NVDA,2024-12-02,138.8300,140.4500,137.8250,138.6300,171682777
NVDA,2024-11-29,136.7800,139.3500,136.0500,138.2500,141863156
NVDA,2024-11-27,135.0100,137.2200,131.8000,135.3400,226370912
NVDA,2024-11-26,137.7000,139.3000,135.6700,136.9200,190287654
NVDA,2024-11-25,141.9900,142.0500,135.8200,136.0200,344941875
NVDA,2024-11-22,145.9300,147.1600,141.1000,141.9500,236406154
NVDA,2024-11-21,149.3500,152.8900,140.7000,146.6700,400946570
NVDA,2024-11-20,147.4100,147.5600,142.7300,145.8900,309871654
NVDA,2024-11-19,141.3200,147.1300,140.9900,147.0100,227834912
NVDA,2024-11-18,139.5000,141.5500,137.1500,140.1500,221865993
NVDA,2024-11-15,144.8700,145.2400,140.0800,141.9800,250132869
NVDA,2024-11-14,147.6400,149.0000,145.5500,146.7600,194463301
NVDA,2024-11-13,149.0700,149.3300,145.9000,146.2700,191903267
NVDA,2024-11-12,146.7800,149.6500,146.0100,148.2900,198634738
NVDA,2024-11-11,148.6800,148.8500,143.5700,145.2600,182325620
NVDA,2024-11-08,148.7700,149.7700,146.2600,147.6300,175665830
NVDA,2024-11-07,146.3900,148.9300,146.1700,148.8800,207323303
NVDA,2024-11-06,142.9600,146.4900,141.9600,145.6100,242043945
NVDA,2024-11-05,137.4500,140.3701,137.3300,139.9100,160537373
NVDA,2024-11-04,137.2100,138.9600,135.5700,136.0500,187528173
NVDA,2024-11-01,134.7000,137.3100,134.5700,135.4000,207127838
NVDA,2024-10-31,137.6000,137.6100,132.1106,132.7600,270039641
NVDA,2024-10-30,139.5400,140.3300,136.8100,139.3350,179418082
NVDA,2024-10-29,140.2850,142.2598,138.9000,141.2500,157593634
NVDA,2024-10-28,143.0000,143.1400,140.0500,140.5200,173586745
BABA,2025-03-24,136.3300,136.4300,133.6300,134.4800,14019013
BABA,2025-03-21,133.9900,136.4700,133.3000,135.1400,13970265
BABA,2025-03-20,137.1750,138.9900,136.3700,136.9100,23646782
BABA,2025-03-19,145.0700,145.2000,141.8700,143.2000,16333817
BABA,2025-03-18,146.3800,146.8700,142.5000,142.7400,20950126
BABA,2025-03-17,140.1600,148.4300,140.0300,147.5700,33896965
BABA,2025-03-14,141.3500,141.8200,139.4500,141.1000,17381919
BABA,2025-03-13,134.7700,140.2800,134.3400,138.3500,20516289
BABA,2025-03-12,138.4050,138.9500,135.2800,137.1400,23880904
BABA,2025-03-11,138.1600,141.3325,136.0400,139.0200,29094794
BABA,2025-03-10,135.9950,137.9500,131.0000,132.5400,32604758
BABA,2025-03-07,142.9200,145.3600,139.3800,140.6200,31904363
BABA,2025-03-06,142.2000,144.7600,138.0900,139.9500,35482111
BABA,2025-03-05,134.3700,141.8300,133.3400,141.0300,37284635
BABA,2025-03-04,129.6000,132.1000,126.1000,129.8500,25366513
BABA,2025-03-03,134.0100,134.7150,129.5600,130.8100,22528034
BABA,2025-02-28,130.9500,133.9499,130.1400,132.5100,24862578
BABA,2025-02-27,138.6750,140.1050,135.8700,136.5500,23859370
BABA,2025-02-26,140.0000,141.9500,138.2901,139.0800,40670132
BABA,2025-02-25,132.7900,134.4700,130.7500,134.0100,38881139
BABA,2025-02-24,135.8000,135.8000,128.4400,129.0400,74118310
BABA,2025-02-21,141.6000,145.3000,141.1000,143.7500,73892138
BABA,2025-02-20,137.8100,144.5100,131.4100,135.9700,118848968
BABA,2025-02-19,126.0000,127.7000,124.9500,125.7900,35155218
BABA,2025-02-18,127.7400,129.0200,125.6100,126.9000,42152768
BABA,2025-02-14,126.5900,126.8000,120.4950,124.7300,52729816
BABA,2025-02-13,115.3300,119.5700,114.7600,119.5400,34429294
BABA,2025-02-12,115.8200,119.8100,114.9650,118.3300,44024715
BABA,2025-02-11,113.9600,115.5400,111.0000,112.7800,55001297
BABA,2025-02-10,107.3200,111.6500,106.7000,111.3200,42429394
BABA,2025-02-07,104.4600,107.5100,103.0000,103.5100,39538154
BABA,2025-02-06,101.2500,101.7400,99.8650,100.3800,12774618
BABA,2025-02-05,100.1650,101.8200,99.0300,99.2800,17017947
BABA,2025-02-04,100.5900,103.6099,99.6800,102.3500,29877458
BABA,2025-02-03,96.5050,101.8700,96.0700,98.6100,29282916
BABA,2025-01-31,102.0000,102.5000,98.0000,98.8400,36503531
BABA,2025-01-30,97.3000,103.6650,97.1400,102.7400,45929033
BABA,2025-01-29,99.3900,101.2800,96.4500,96.7200,75052980
BABA,2025-01-28,90.9400,96.4300,89.9000,96.0300,31296275
BABA,2025-01-27,90.5900,91.4300,89.2200,89.9900,25999791
BABA,2025-01-24,86.7100,89.1900,86.4800,89.1400,18790950
BABA,2025-01-23,85.8000,86.2000,84.9600,86.1000,9225628
BABA,2025-01-22,85.0000,86.5400,84.4204,86.4000,10354750
BABA,2025-01-21,86.8700,86.9000,84.9200,85.3800,17099520
BABA,2025-01-17,83.2000,85.5900,83.0300,85.1200,21132362
BABA,2025-01-16,82.0200,82.5900,81.8200,82.4300,7566488
BABA,2025-01-15,82.6300,82.7900,82.1500,82.4400,11655722
BABA,2025-01-14,82.3900,82.6500,81.4900,81.6800,8773675
BABA,2025-01-13,80.1500,81.0800,80.0600,80.5400,10726627
BABA,2025-01-10,82.2500,82.2500,80.4000,80.5300,15393850
BABA,2025-01-08,83.0900,83.7900,82.7200,83.6900,9661837
BABA,2025-01-07,84.3050,85.1100,83.7800,84.4800,11144054
BABA,2025-01-06,86.5500,87.3601,85.0800,85.5200,18077138
BABA,2025-01-03,85.1000,85.5500,84.7600,85.5400,7689521
BABA,2025-01-02,84.3900,85.4300,84.2000,84.9500,10635704
BABA,2024-12-31,84.4200,85.3499,84.4200,84.7900,7414994
BABA,2024-12-30,84.1700,84.9500,83.5300,84.1300,10730977
BABA,2024-12-27,84.8900,85.2700,84.2901,85.0600,8629350
BABA,2024-12-26,85.7200,87.2700,85.5600,86.0800,12016516
BABA,2024-12-24,85.7000,85.8900,85.0000,85.5200,5235414
BABA,2024-12-23,82.8500,85.3100,82.7700,85.1400,20055113
BABA,2024-12-20,82.2100,83.0000,81.7000,82.2800,21270510
BABA,2024-12-19,85.0000,85.3900,84.2400,84.3100,13795127
BABA,2024-12-18,86.3910,87.2200,84.8279,85.0000,11319469
BABA,2024-12-17,85.5000,87.6000,85.4000,87.1500,13288728
BABA,2024-12-16,85.9600,86.9189,85.8700,86.0600,13216622
BABA,2024-12-13,88.1900,88.3900,87.2400,87.8200,11608633
BABA,2024-12-12,89.0350,90.0000,88.4900,89.2300,9951151
BABA,2024-12-11,88.8950,89.1650,88.0000,88.9800,9866019
BABA,2024-12-10,89.7850,90.5600,89.4950,89.8300,13859190
BABA,2024-12-09,92.0100,94.1200,91.8300,92.3200,32767317
BABA,2024-12-06,86.0100,86.6900,85.9000,85.9300,11751505
BABA,2024-12-05,84.7950,85.1000,83.9250,84.1500,12979565
BABA,2024-12-04,85.9500,85.9900,84.2700,84.9300,13613702
BABA,2024-12-03,86.0050,86.6400,85.3800,85.6800,13660713
BABA,2024-12-02,86.9400,87.0000,85.2700,85.9500,16537213
BABA,2024-11-29,86.4200,87.4900,85.9700,87.3700,7553510
BABA,2024-11-27,86.9700,87.5400,86.4700,86.5900,13607643
BABA,2024-11-26,85.8150,86.0800,84.8600,85.1800,10241468
BABA,2024-11-25,84.2500,85.8750,83.7500,85.5800,15120057
BABA,2024-11-22,83.6000,83.6800,82.6350,83.1300,24999202
BABA,2024-11-21,86.9800,87.0395,85.4450,85.5800,15869218
BABA,2024-11-20,87.0400,87.5400,86.5000,86.7700,15174535
BABA,2024-11-19,87.1600,87.9400,86.8184,87.1100,19289022
BABA,2024-11-18,88.9000,89.5000,87.8500,89.3500,13513838
BABA,2024-11-15,90.2000,90.7000,87.2300,88.5900,31018266
BABA,2024-11-14,90.8900,91.5550,90.0100,90.5800,16946771
BABA,2024-11-13,92.5500,92.8700,91.2800,92.0000,12874522
BABA,2024-11-12,92.6800,93.3300,91.0300,91.7800,21641878
BABA,2024-11-11,96.1600,96.8000,95.0450,95.4200,12556730
BABA,2024-11-08,96.1100,96.3800,93.6900,94.1900,24879795
BABA,2024-11-07,99.2600,101.1000,99.1800,100.1400,16340404
BABA,2024-11-06,95.8000,97.3200,94.7600,96.7300,18162861
BABA,2024-11-05,99.9700,101.0900,98.9550,99.2100,10804152
BABA,2024-11-04,98.8200,99.8800,98.3600,98.4000,8681889
BABA,2024-11-01,98.2200,98.2999,97.4200,97.5800,8501018
BABA,2024-10-31,97.8000,98.1000,96.7550,97.9800,8379347
BABA,2024-10-30,98.2150,99.8000,97.5800,98.7000,10179903
BABA,2024-10-29,101.4500,101.4500,99.5300,99.8300,13685370
BABA,2024-10-28,99.0300,101.0500,98.7800,99.9300,16044384
JPM,2025-03-24,245.4800,248.6900,244.4100,248.0600,9422650
JPM,2025-03-21,237.8100,242.3000,236.5000,241.6300,19326865
JPM,2025-03-20,236.5600,241.7600,236.2000,239.0100,8328513
JPM,2025-03-19,235.7400,242.3300,234.8900,239.1100,10120588
JPM,2025-03-18,234.3200,236.1700,233.5200,234.9700,10344866
JPM,2025-03-17,231.1800,235.6695,230.4550,233.9300,9586025
JPM,2025-03-14,228.1200,233.1430,227.5800,232.4400,11962108
JPM,2025-03-13,229.3000,229.5000,224.2300,225.1900,16467851
JPM,2025-03-12,234.0000,234.3200,227.2600,227.9000,16054015
JPM,2025-03-11,231.7450,233.3200,226.6900,229.1400,18142995
JPM,2025-03-10,236.2100,237.5100,228.7000,232.2200,18730564
JPM,2025-03-07,245.2300,246.7200,239.4200,242.2800,20498734
JPM,2025-03-06,248.1100,249.3600,243.8500,246.5400,9983235
JPM,2025-03-05,251.2500,253.0500,247.8300,251.5300,7861424
JPM,2025-03-04,255.2800,257.2300,245.9500,250.2500,13465630
JPM,2025-03-03,264.0000,266.3200,257.8200,260.6200,9058307
JPM,2025-02-28,260.7300,264.8100,257.8900,264.6500,10467126
JPM,2025-02-27,260.1800,263.6400,257.8600,259.0500,8204447
JPM,2025-02-26,257.1600,260.9115,256.9300,258.7900,5943585
JPM,2025-02-25,262.2300,263.0000,253.3500,257.4000,9608439
JPM,2025-02-24,265.4900,267.0000,258.6100,261.3400,10372751
JPM,2025-02-21,268.3200,269.1955,262.8400,264.2400,12835566
JPM,2025-02-20,278.6750,278.7400,265.7350,266.8000,13846671
JPM,2025-02-19,278.3800,280.2500,277.2200,279.2500,7007248
JPM,2025-02-18,276.7600,279.9700,276.0200,279.9500,7919798
JPM,2025-02-14,277.3700,279.2334,276.4500,276.5900,5688627
JPM,2025-02-13,275.5000,276.9700,273.8100,276.3200,8398667
JPM,2025-02-12,274.0800,276.4500,273.2500,275.4500,6683894
JPM,2025-02-11,270.2600,276.2200,269.6600,274.9900,7196376
JPM,2025-02-10,276.1500,276.1800,269.5900,271.0400,8627352
JPM,2025-02-07,277.2700,278.5500,274.7150,275.8000,6857875
JPM,2025-02-06,272.4500,276.9800,271.1900,276.9000,7264371
JPM,2025-02-05,268.9100,270.6400,268.3300,270.4300,5704431
JPM,2025-02-04,269.8400,269.8400,266.8300,267.9400,5625972
JPM,2025-02-03,261.8300,268.1650,261.7009,266.8100,8381361
JPM,2025-01-31,269.2300,270.8200,266.9600,267.3000,7196268
JPM,2025-01-30,268.6300,269.7000,266.6201,268.2300,8753466
JPM,2025-01-29,267.2100,270.6800,265.6100,266.5800,7684870
JPM,2025-01-28,265.8500,267.3300,264.8301,267.1400,7375391
JPM,2025-01-27,264.1700,265.9700,262.2600,265.8500,7522258
JPM,2025-01-24,263.6900,267.1000,263.0100,264.8400,7666261
JPM,2025-01-23,264.6900,266.8599,263.8100,265.9500,10749681
JPM,2025-01-22,262.9000,263.3800,260.2500,262.8400,9021914
JPM,2025-01-21,260.0700,264.2500,259.5037,263.0300,13712114
JPM,2025-01-17,254.1400,260.6200,252.1400,259.1600,17678101
JPM,2025-01-16,254.0000,257.0350,252.3300,254.2700,15292348
JPM,2025-01-15,250.4000,253.6699,243.6800,252.3500,18448520
JPM,2025-01-14,242.6600,247.7200,242.1900,247.4700,12407386
JPM,2025-01-13,239.6700,244.5400,239.0000,244.2100,10005315
JPM,2025-01-10,243.0900,243.8100,238.7400,239.8700,10256829
JPM,2025-01-08,242.7500,244.2500,240.5000,243.1300,8675284
JPM,2025-01-07,242.1400,245.2600,240.9000,243.1700,8753357
JPM,2025-01-06,243.6950,245.6900,240.5800,240.8500,9917836
JPM,2025-01-03,243.8900,244.8800,240.2600,243.2800,9491053
JPM,2025-01-02,240.9200,243.2760,239.4500,240.0000,9220914
JPM,2024-12-31,240.0500,241.4393,239.0300,239.7100,4870971
JPM,2024-12-30,238.7700,240.8400,237.1100,239.3200,5723765
JPM,2024-12-27,242.7200,243.3900,240.0400,241.1700,5730607
JPM,2024-12-26,241.4300,243.2600,240.7900,243.1400,4452168
JPM,2024-12-24,239.4300,242.4922,239.0700,242.3100,3729092
JPM,2024-12-23,236.0700,238.6200,234.8800,238.3900,8611528
JPM,2024-12-20,231.9200,239.2100,231.5877,237.6000,32348414
JPM,2024-12-19,232.2700,236.3600,232.2700,232.9600,11790773
JPM,2024-12-18,239.0000,239.0700,229.5300,230.3700,11322358
JPM,2024-12-17,238.6500,239.0200,236.6300,238.3600,8083635
JPM,2024-12-16,240.6100,240.6700,237.5200,239.5800,9032044
JPM,2024-12-13,242.0700,242.7150,239.1437,239.9400,10392749
JPM,2024-12-12,243.0000,244.1000,241.0400,241.5300,6113771
JPM,2024-12-11,244.0000,244.2700,242.1800,243.5300,7884442
JPM,2024-12-10,243.8900,247.9600,242.2200,242.8600,9108339
JPM,2024-12-09,247.1300,247.8699,243.7600,243.8100,7076466
JPM,2024-12-06,245.7000,247.7400,244.8400,247.3600,5519738
JPM,2024-12-05,245.3900,247.1800,244.6200,245.4800,6572536
JPM,2024-12-04,244.7000,245.3450,242.2300,243.4000,7346265
JPM,2024-12-03,248.2300,249.0400,244.6300,244.8200,6657694
JPM,2024-12-02,249.5500,250.2500,245.0300,246.2500,8899741
JPM,2024-11-29,249.8600,251.7700,249.4500,249.7200,5494825
JPM,2024-11-27,249.3500,251.1900,248.7710,249.7900,5472265
JPM,2024-11-26,250.4900,251.0000,248.3400,249.9700,6212142
JPM,2024-11-25,249.5900,254.3100,249.0600,250.2900,10295350
JPM,2024-11-22,243.6100,249.1500,243.0347,248.5500,7997307
JPM,2024-11-21,243.2300,245.4900,242.1050,244.7600,8783516
JPM,2024-11-20,244.4000,244.6100,238.6400,240.7800,9015290
JPM,2024-11-19,242.2500,245.1509,241.5500,243.0900,6792660
JPM,2024-11-18,247.7600,247.9300,242.6800,245.0300,9052575
JPM,2024-11-15,241.4600,246.4200,241.4600,245.3100,11518836
JPM,2024-11-14,242.4150,244.2900,241.0500,241.8700,10172202
JPM,2024-11-13,240.5800,244.0900,240.3100,241.1600,11472557
JPM,2024-11-12,240.5500,241.4600,238.7600,239.5600,6860956
JPM,2024-11-11,240.0000,242.1000,239.0000,239.2900,9017079
JPM,2024-11-08,239.3400,239.3400,235.7800,236.9800,9502100
JPM,2024-11-07,244.5000,244.5700,235.2200,236.3800,16451071
JPM,2024-11-06,235.0000,248.0000,234.7700,247.0600,23987753
JPM,2024-11-05,220.0300,221.9600,220.0000,221.4900,5600686
JPM,2024-11-04,222.6500,223.7600,219.1700,219.7800,8229588
JPM,2024-11-01,223.5600,226.1500,222.7000,222.9400,6923452
JPM,2024-10-31,224.7000,225.6900,221.8200,221.9200,7829932
JPM,2024-10-30,222.5400,226.3100,221.5800,224.4100,7110941
JPM,2024-10-29,225.2100,226.7500,222.8100,222.9000,6580004
JPM,2024-10-28,223.3500,225.6400,222.9500,225.5000,6842956
